Annual Avg Yield,Annual Avg Min Temp,Annual Avg Max Temp,Total Accumulated Rain,Total Accumulated Radiation,Class
1.3625,7.559521576,17.82517758,7462.16,552381.9,1
1.5375,6.321121858,16.83639833,13854.04,1009929.62,1
1.8,6.75995795,17.43642866,3764.83,561106.56,2
1.24,5.878225728,16.98489598,9814.53,1054700.52,0
1.28,6.157555595,17.26102938,6155.62,574282.91,1
1.8925,6.187422395,16.88033993,7295.27,1033772.8,2
0.88,5.737020044,16.80787465,15084.74,1518744.53,0
1.3,6.311121591,17.47864869,10412.91,1014862.7,1
